route,splits,rows,positives,mean_top10_capture,mean_auc,mean_pr_auc,mean_brier,mean_concept_count,mean_feature_count,passes_pr_088,passes_pr_085_t10_0965,passes_action_t10_097
R5 airport holdout,11,2206075,106252,0.9553336759935643,0.9879159452024834,0.8566763256563579,0.015118254577574418,3.0,23.0,False,False,False
R1 airport holdout,11,2206075,106252,0.9594177912538616,0.9858521275419254,0.8376069994404926,0.014882589683516469,3.0,3.0,False,False,False
Recovery shortfall airport reference,11,2206075,106252,0.9250097248297469,0.9579560314262001,0.7269453996570263,0.07209617715775275,1.0,1.0,False,False,False
