variant,splits,rows,positives,top10_capture_mean,top10_capture_std,top10_capture_ci95,auc_mean,auc_std,auc_ci95,pr_auc_mean,pr_auc_std,pr_auc_ci95,brier_mean,brier_std,brier_ci95
SDS-KB carrier holdout,11,4077709,202145,0.9709198489994442,0.03303928911650717,0.008731832997867112,0.9903490328420922,0.01028883273994381,0.0027191980103255485,0.8200789476124977,0.22191906533470818,0.05865017890403954,0.020129463549159662,0.0147296605221173,0.003892848158471558
Recovery carrier holdout,11,4077709,202145,0.9444904754267535,0.034211216269662476,0.009041557343053015,0.9693987743943279,0.017606553874924716,0.0046531717907629545,0.7887641371351256,0.23362540807255242,0.06174400545224999,0.07514053930630112,0.04943227879304287,0.013064276340897544
