protocol,queue,folds,rows,positives,reviewed_paths,captured_severe_cases,evidence_supported_severe_cases,pooled_evidence_hit_rate,pooled_severe_cases_per_100_reviews,pooled_evidence_supported_cases_per_100_reviews,top10_capture_mean,top10_capture_std,auc_mean,auc_std,pr_auc_mean,pr_auc_std,brier_mean,brier_std,evidence_hit_rate_mean,evidence_hit_rate_std
airport,PE-KB queue,11,2206075,106252,220612,100427,97434,0.9701972577095801,45.52200242960492,44.165321922651536,0.9487968949921474,0.018460922477630037,0.9853577391265712,0.00434663721345807,0.8537040591808661,0.022363165682052065,0.01490635587742007,0.0035354955055399355,0.9677863781780087,0.01411471170235677
airport,LightGBM score + PE-KB evidence,11,2206075,106252,220612,102962,97522,0.9471649734853635,46.67107863579497,44.20521095860606,0.9725970439270765,0.015721070390232794,0.9927538409776264,0.001713110122714232,0.9042014847134073,0.01541626426105162,0.012215093718942948,0.0030898472053968317,0.9447868870352804,0.012484488851161926
airport,XGBoost score + PE-KB evidence,11,2206075,106252,220612,102159,97441,0.9538170890474652,46.30709118270992,44.168494914147914,0.9663038758192481,0.02028636897898576,0.9921915135055717,0.0019488632031017512,0.8972701655991018,0.014737364574359445,0.012456008232672004,0.0033308629051796755,0.9505801344144896,0.016630856928646298
airport,CatBoost score + PE-KB evidence,11,2206075,106252,220612,102001,97462,0.9555004362702326,46.23547223179156,44.17801388863706,0.9649086563886499,0.020664894669463543,0.9918785832846241,0.0024086039553916786,0.891849160709345,0.015016509894079856,0.01272006782877007,0.003352188919623482,0.9522309409987687,0.01652664992395385
