protocol,queue,folds,rows,positives,reviewed_paths,captured_severe_cases,evidence_supported_severe_cases,pooled_evidence_hit_rate,pooled_severe_cases_per_100_reviews,pooled_evidence_supported_cases_per_100_reviews,top10_capture_mean,top10_capture_std,auc_mean,auc_std,pr_auc_mean,pr_auc_std,brier_mean,brier_std,evidence_hit_rate_mean,evidence_hit_rate_std
carrier,PE-KB queue,55,4077709,202145,407798,194498,190069,0.9772285576201297,47.69469197985277,46.60861504960789,0.9711535578301344,0.03250223854022336,0.9902748771516293,0.010276025921530877,0.8188123127185746,0.22370778889539225,0.01977744815860345,0.014753040754932426,0.9739048015166256,0.01639137392163343
carrier,LightGBM score + PE-KB evidence,55,4077709,202145,407798,194841,190018,0.9752464830297525,47.778802250133644,46.59610885781686,0.9722552369179472,0.033272259784850954,0.9908246149344822,0.010502499486822754,0.8220016766946406,0.23184465449918654,0.02060881053796468,0.014786724715536237,0.9720014680033014,0.01764533163133433
carrier,XGBoost score + PE-KB evidence,55,4077709,202145,407798,194402,189865,0.9766617627390665,47.671150912952,46.55859028244376,0.9699344135723458,0.03383537409602106,0.9904060455227014,0.010987227925951337,0.813746472448346,0.24332670357996763,0.021202636373426197,0.015187994704360455,0.9735276545885558,0.016366656962158364
carrier,CatBoost score + PE-KB evidence,55,4077709,202145,407798,194567,190055,0.9768100448688627,47.7116121216877,46.605181977351535,0.9700584910771862,0.03342216640014355,0.9903355458724341,0.010956009772518802,0.8126629674321655,0.23620281290892456,0.01987738772996315,0.016115742517618086,0.9741127048365226,0.01636016838951914
